Georgia,Nichols,georgia.nichols@example.com,(276) 273-2634,33,Jersey City,Virginia
Sacha,Roy,sacha.roy@example.com,05-40-98-77-21,64,Grenoble,Sarthe
Heidy,Lucas,heidy.lucas@example.com,077 147 18 80,58,Quarten,Jura
Mona,Austrheim,mona.austrheim@example.com,81122693,35,Steinv�g,Bergen
L�onard,Caron,leonard.caron@example.com,077 864 38 02,66,Kirchberg (Sg),Nidwalden
Mi�ko,�erbed�ija,misko.serbedzija@example.com,035-8831-946,24,Mitrovica,Srem
Teresa,Mitchelle,teresa.mitchelle@example.com,01-8649-7120,29,Mildura,South Australia
Urs,F�tterer,urs.futterer@example.com,0418-2582598,30,Elsterwerda,Baden-W�rttemberg
Rafael,Morris,rafael.morris@example.com,(468) 570-8937,52,Burkburnett,Hawaii
Chris,Kelley,chris.kelley@example.com,(828) 538-0393,32,Escondido,Oklahoma
Benjamin,Hansen,benjamin.hansen@example.com,72031218,24,K�benhavn S,Hovedstaden
Andre,White,andre.white@example.com,011-463-2407,78,Swords,Kilkenny
Caitlin,Gardner,caitlin.gardner@example.com,041-847-5066,35,Dublin,Leitrim
Bill,Allen,bill.allen@example.com,011-793-9691,31,Fermoy,Monaghan
Eemil,Manni,eemil.manni@example.com,09-495-872,63,Askola,Lapland
Laura,Gallegos,laura.gallegos@example.com,(690) 876 4269,41,Tixtla,Coahuila
Lucy,Lopez,lucy.lopez@example.com,01-53-34-73-80,62,Lyon,Vaucluse
Marcus,Jackson,marcus.jackson@example.com,(938)-159-2384,56,Christchurch,Otago
Emily,Lewis,emily.lewis@example.com,(594)-539-6403,67,Blenheim,Bay of Plenty
Iida,Heinonen,iida.heinonen@example.com,06-841-043,69,Kokem�ki,Lapland
Gladys,Mcdonalid,gladys.mcdonalid@example.com,08-3473-5056,54,Dubbo,Tasmania
Perla,Torres,perla.torres@example.com,(634) 337 2083,35,El Alberto,Baja California
Khalid,Bråten,khalid.braten@example.com,89600490,75,Lyngdal,Møre og Romsdal
Jelena,Rodić,jelena.rodic@example.com,033-1506-334,66,Ivanjica,Raška
Miriam,Ortiz,miriam.ortiz@example.com,987-916-263,73,Móstoles,Comunidad de Madrid
Ravn,Hareide,ravn.hareide@example.com,77463706,76,Vigrestad,Hordaland
محمدپارسا,سهيلي راد,mhmdprs.shylyrd@example.com,076-23952272,67,سبزوار,اصفهان
Linnea,Rinne,linnea.rinne@example.com,04-305-862,36,Mäntyharju,Satakunta
Noa,Deschamps,noa.deschamps@example.com,02-29-34-21-69,53,Dijon,Indre-et-Loire
Elsa,Albert,elsa.albert@example.com,0056-0224385,32,Leisnig,Nordrhein-Westfalen
Marshall,Neal,marshall.neal@example.com,061-063-0960,66,Skerries,Leitrim
Jordan,Gonzalez,jordan.gonzalez@example.com,077 203 28 37,79,Embrach,Schaffhausen
Bryan,Morris,bryan.morris@example.com,(921) 950-4126,56,Red Oak,New Hampshire
Çetin,Türkyılmaz,cetin.turkyilmaz@example.com,(013)-897-3621,43,Çorum,Kütahya
Jordan,Cook,jordan.cook@example.com,051-043-2078,72,Mountmellick,Kerry
Enni,Laine,enni.laine@example.com,09-912-182,52,Miehikkälä,Southern Savonia
Matthew,Cole,matthew.cole@example.com,016974 09973,27,Stoke-on-Trent,Merseyside
Maxine,Hunter,maxine.hunter@example.com,02-0434-1567,49,Toowoomba,Queensland
Mehdi,Lemoine,mehdi.lemoine@example.com,078 298 38 21,34,Pohlern,Ticino
Emir,Garcia,emir.garcia@example.com,075 329 78 49,41,Aegerten,Bern
Helmi,Manni,helmi.manni@example.com,06-914-179,29,Hirvensalmi,Åland
Cecilie,Nielsen,cecilie.nielsen@example.com,06238422,50,Kongsvinger,Sjælland
Bruno,Escobar,bruno.escobar@example.com,(676) 946 3244,57,Chiquilistlán,Chihuahua
Madhav,Namnaik,madhav.namnaik@example.com,9856939991,50,Mango,Andhra Pradesh
Isla,Peura,isla.peura@example.com,04-460-183,69,Kesälahti,Central Finland
Nicolas,Noel,nicolas.noel@example.com,04-04-40-58-16,38,Montreuil,Var
Mercedes,Martin,mercedes.martin@example.com,979-173-150,69,Orense,Ceuta
Arcelia,Luevano,arcelia.luevano@example.com,(630) 796 1958,62,Tempoal de Sánchez,Michoacan
Margarita,Pastor,margarita.pastor@example.com,996-070-160,63,Santa Cruz de Tenerife,Castilla la Mancha
Lilian,Gaillard,lilian.gaillard@example.com,076 877 94 72,55,Domat/Ems,Ticino
